憑信不憑眼見	江宗榮	https://tinyurl.com/ykwbwved
感謝主讓我遇見祢	陳孟芳	https://tinyurl.com/3pmp5kx5
何其有幸認識祂	李清華	https://tinyurl.com/2p854sdz
以福音為至寶	高春霖	https://tinyurl.com/5x6zehfm
由母親的信仰看見神的作為	李瑞燦	https://tinyurl.com/3vrjadje
真神是我的依靠	侯鎮堃	https://tinyurl.com/yc87rpmn
尋見牧羊人，豺狼變綿羊	陳義得	https://tinyurl.com/5t4tbrb9
有體驗才是自己的信仰	黃斯徽	https://tinyurl.com/yjd68wcj
主奇妙的大能帶領我	詹秀琴	https://tinyurl.com/2283cs9y
我從前風聞有你，現在親眼看見你	洪玲瑤	https://tinyurl.com/yfh4swa5
以前到現在，有這麼一位神	王喬瑜	https://tinyurl.com/2syk3pba
永享天國福氣	楊清香	https://tinyurl.com/yrvhn596
打開心門體驗神	王婉容	https://tinyurl.com/mv7t7vw6
主恩臨到我家	柳約翰	https://tinyurl.com/33cbnb5s
一路走在滿是恩典的路徑	黃靖淳	https://tinyurl.com/3kdxtju4
恩典，來的時間永遠不晚	曾睦恩	https://tinyurl.com/3rkatzkz
信主之後，我什麼都不缺	高秀碧	https://tinyurl.com/2p8jsep4
信耶穌有真平安	王兆凰	https://tinyurl.com/yz6x9zsp
全家信主，主恩滿溢	林麗真	https://tinyurl.com/mv6zwuzz
神的恩典與福氣已來到	邱詩琴	https://tinyurl.com/n8kdfhbd
主耶穌消除了我的煩惱與憂愁	楊程凱	https://tinyurl.com/mr2w375p
體驗神的存在	張家綺	https://tinyurl.com/394j5aky
不要怕，主與你同在	賴秀連	https://tinyurl.com/243scwzh
主的愛眷顧著我	曾愛雯	https://tinyurl.com/3san9can
神的奇妙引導和看顧	白月清	https://tinyurl.com/pu5r25bj
認識神就有平安	蕭秀桃	https://tinyurl.com/yckat5vy
認識神真好	曾能引	https://tinyurl.com/4uup5nu2
感謝神的揀選與帶領	林聖英	https://tinyurl.com/5yxfdd24
找回我的神．我的家	吳金妹	https://tinyurl.com/5xaumw8d
歸家的迷羊	尤麗雪	https://tinyurl.com/bwf23h6m
主救我脫離苦楚	楊陳鸞	https://tinyurl.com/ye27v878
祂陪伴我走人生路	楊家玲	https://tinyurl.com/mt9b49sb
迷羊回到神的家	陳世英	https://tinyurl.com/2d329uav
從流淚谷到泉源之地	杜曜宇	https://tinyurl.com/4pfncpps
主恩在我的基因裡	劉思潔	https://tinyurl.com/mvn3ymbx
主恩典的記號	劉淑珍	https://tinyurl.com/2t2cmyba
從神而來的平安與恩典	陳林碧芳	https://tinyurl.com/527r9r77
虛心的人有福了！因為天國是他們的	林楊玉真	https://tinyurl.com/2f9waf2f
信耶穌真好	王進福	https://tinyurl.com/5scjpyk2
願祂做我一生的倚靠	張祝英	https://tinyurl.com/mtw6b5nk
真神入我家	陳薰陶	https://tinyurl.com/47v3p7zw
在人所不能，在神凡事都能	楊美恩	https://tinyurl.com/28a89jjm
認識耶穌真是好	邱雅玲	https://tinyurl.com/nheyzcu9
憑著信心走在主路上	馬賴金鑾	https://tinyurl.com/ymyx56ah
生命轉角遇見神	黃寶元	https://tinyurl.com/skrah763
主耶穌救了我	蘇玉麟	https://tinyurl.com/3vwsntmz
堅持到底的信仰何等珍貴	施宇信	https://tinyurl.com/3hr75psd
神的恩典從來沒有間斷過	翁麗真	https://tinyurl.com/mphp2ap2
沐浴恩典，依靠祈禱	林明宗	https://tinyurl.com/y2exw4zw
進入真耶穌教會得活潑生命	李沛潔	https://tinyurl.com/4jk7jsm9
我找到回神家的路	簡伶怡	https://tinyurl.com/9kh5d62j
信仰道路上的印記	李宜恩	https://tinyurl.com/55srfunm
信靠耶穌就有平安	王家興	https://tinyurl.com/378jp5zd
主賞賜的滿滿恩典	蔡素雲	https://tinyurl.com/3cxwe4mn
信仰傳遞，傳承信仰	林桑柔	https://tinyurl.com/5dexdfda
神帶領我前行	鄭元貞	https://tinyurl.com/yhp56ze9
若專心尋求我，就必尋見	邱郁庭	https://tinyurl.com/yubmsk3t
仰望神的帶領	林丁鬱	https://tinyurl.com/2p85zjcn
我家之主	楊承恩	https://tinyurl.com/4cj6h424
耶穌領我，我不孤單	王碧蘭	https://tinyurl.com/57jkcy4r
賞賜在神，收取也在神	劉貴櫻	https://tinyurl.com/2erdr4zt
